{
  "version": 1,
  "title": null,
  "env": {
    "TERM": "xterm-256color",
    "SHELL": "/bin/zsh"
  },
  "duration": 27.193146,
  "command": null,
  "height": 24,
  "stdout": [
    [
      0.675207,
      "\u001b[1m\u001b[7m%\u001b[27m\u001b[1m\u001b[0m                                                                               \r \r"
    ],
    [
      3e-05,
      "\u001b]2;ewan@askaig: ~/projects/mrloop.github.com\u0007\u001b]1;..op.github.com\u0007"
    ],
    [
      0.006165,
      "\r\u001b[0m\u001b[27m\u001b[24m\u001b[J\u001b[01;32m➜  \u001b[36mmrloop.github.com\u001b[00m \u001b[01;34mgit:(\u001b[31mmaster\u001b[34m) \u001b[33m✗\u001b[00m \u001b[K"
    ],
    [
      1.6e-05,
      "\u001b[?1h\u001b="
    ],
    [
      2.3e-05,
      "\u001b[?2004h"
    ],
    [
      0.837032,
      "g"
    ],
    [
      0.119996,
      "\bgp"
    ],
    [
      0.608312,
      "g2 -d data.txt"
    ],
    [
      1.175647,
      "\u001b[?1l\u001b>"
    ],
    [
      1.2e-05,
      "\u001b[?2004l\r\r\n"
    ],
    [
      0.002193,
      "\u001b]2;gpg2 -d data.txt\u0007\u001b]1;gpg2\u0007"
    ],
    [
      0.003857,
      "\u001b[?1049h\u001b[1;24r\u001b(B\u001b[m\u001b[4l\u001b[?7h\u001b[?1h\u001b="
    ],
    [
      4.1e-05,
      "\u001b[39;49m\u001b[39;49m\u001b[H\u001b[2J\u001b(B\u001b[m"
    ],
    [
      0.000126,
      "\u001b[7;8H\u001b(0\u001b[0mlqqqqqqqqqqqqqqqqqqqqqqqqqqqqqqqqqqqqqqqqqqqqqqqqqqqqqqqqqqqqqqqqk\u001b(B\u001b(B\u001b[m\u001b[8;8H\u001b(0\u001b[0mx\u001b(B\u001b[0m Please enter the passphrase to unlock the OpenPGP secret key:  \u001b(0\u001b[0mx\u001b(B\u001b(B\u001b[m\u001b[9;8H\u001b(0\u001b[0mx\u001b(B\u001b[0m \"Dummy McDougall <dummy@mrloop.com>\"\u001b[73G\u001b(0\u001b[0mx\u001b(B\u001b(B\u001b[m\u001b[10;8H\u001b(0\u001b[0mx\u001b(B\u001b[0m 2048-bit RSA key, ID 9D36E0351F06A513,\u001b[73G\u001b(0\u001b[0mx\u001b(B\u001b(B\u001b[m\u001b[11;8H\u001b(0\u001b[0mx\u001b(B\u001b[0m created 2017-02-07 (main key ID F4E899338702F368).\u001b[73G\u001b(0\u001b[0mx\u001b(B\u001b(B\u001b[m\u001b[12;8H\u001b(0\u001b[0mx\u001b(B\u001b(B\u001b[m\u001b[73G\u001b(0\u001b[0mx\u001b(B\u001b(B\u001b[m\u001b[13;8H\u001b(0\u001b[0mx\u001b(B\u001b(B\u001b[m\u001b[73G\u001b(0\u001b[0mx\u001b(B\u001b(B\u001b[m\u001b[14;8H\u001b(0\u001b[0mx\u001b(B\u001b[0m Passphrase: __________________________________________________ \u001b(0\u001b[0mx\u001b(B\u001b(B\u001b[m\u001b[15;8H\u001b(0\u001b[0mx\u001b(B\u001b(B\u001b[m\u001b[73G\u001b(0\u001b[0mx\u001b(B\u001b(B\u001b[m\u001b[16;8H\u001b(0\u001b[0mx\u001b(B\u001b(B\u001b[m\u001b[16;18H\u001b(0\u001b[0m\u001b(B\u001b[0m<OK>\u001b[16;58H<Cancel>\u001b[73G\u001b(0\u001b[0mx\u001b(B\u001b(B\u001b[m\u001b[17;8H\u001b(0\u001b[0mmqqqqqqqqqqqqqqqqqqqqqqqqqqqqqqqqqqqqqqqqqqqqqqqqqqqqqqqqqqqqqqqqj\u001b(B\u001b(B\u001b[m\u001b[14;22H\u001b(0\u001b[0m\u001b(B\u001b(B\u001b[m"
    ],
    [
      2.369755,
      "*\u001b(B\u001b[m"
    ],
    [
      0.176086,
      "*\u001b(B\u001b[m"
    ],
    [
      0.175866,
      "*\u001b(B\u001b[m"
    ],
    [
      0.184063,
      "*\u001b(B\u001b[m"
    ],
    [
      0.160599,
      "*\u001b(B\u001b[m"
    ],
    [
      0.152389,
      "*\u001b(B\u001b[m"
    ],
    [
      0.399255,
      "*\u001b(B\u001b[m"
    ],
    [
      0.175806,
      "*\u001b(B\u001b[m"
    ],
    [
      0.231871,
      "*\u001b(B\u001b[m"
    ],
    [
      0.112114,
      "*\u001b(B\u001b[m"
    ],
    [
      0.199914,
      "*\u001b(B\u001b[m"
    ],
    [
      0.120059,
      "*\u001b(B\u001b[m"
    ],
    [
      0.184035,
      "*\u001b(B\u001b[m"
    ],
    [
      0.312037,
      "\u001b[24;1H\u001b[?1049l\r\u001b[?1l\u001b>"
    ],
    [
      0.115446,
      "gpg: encrypted with 2048-bit RSA key, ID 9D36E0351F06A513, created 2017-02-07\r\n      \"Dummy McDougall <dummy@mrloop.com>\"\r\n"
    ],
    [
      5.2e-05,
      "my secret data\r\n"
    ],
    [
      0.000238,
      "\u001b[1m\u001b[7m%\u001b[27m\u001b[1m\u001b[0m                                                                               \r \r"
    ],
    [
      4.4e-05,
      "\u001b]2;ewan@askaig: ~/projects/mrloop.github.com\u0007\u001b]1;..op.github.com\u0007"
    ],
    [
      0.00638,
      "\r\u001b[0m\u001b[27m\u001b[24m\u001b[J\u001b[01;32m➜  \u001b[36mmrloop.github.com\u001b[00m \u001b[01;34mgit:(\u001b[31mmaster\u001b[34m) \u001b[33m✗\u001b[00m \u001b[K"
    ],
    [
      1.5e-05,
      "\u001b[?1h\u001b=\u001b[?2004h"
    ],
    [
      2.309798,
      "s"
    ],
    [
      0.167785,
      "\bss"
    ],
    [
      0.336172,
      "h"
    ],
    [
      0.168451,
      " "
    ],
    [
      0.335543,
      "x"
    ],
    [
      0.143915,
      "a"
    ],
    [
      0.112108,
      "n"
    ],
    [
      0.647925,
      "a"
    ],
    [
      0.240175,
      "u"
    ],
    [
      0.912133,
      "\b \b"
    ],
    [
      0.095642,
      "d"
    ],
    [
      0.512102,
      "u"
    ],
    [
      0.391806,
      "\u001b[?1l\u001b>"
    ],
    [
      1.3e-05,
      "\u001b[?2004l\r\r\n"
    ],
    [
      0.001954,
      "\u001b]2;ssh xanadu\u0007\u001b]1;xanadu\u0007"
    ],
    [
      0.169507,
      "\u001b[?1049h\u001b[1;24r\u001b(B\u001b[m\u001b[4l\u001b[?7h\u001b[?1h\u001b="
    ],
    [
      4.8e-05,
      "\u001b[39;49m\u001b[39;49m\u001b[H\u001b[2J\u001b(B\u001b[m"
    ],
    [
      8.2e-05,
      "\u001b[8;13H\u001b(0\u001b[0mlqqqqqqqqqqqqqqqqqqqqqqqqqqqqqqqqqqqqqqqqqqqqqqqqqqqqqqk\u001b(B\u001b(B\u001b[m\u001b[9;13H\u001b(0\u001b[0mx\u001b(B\u001b[0m Please enter the passphrase for the ssh key\u001b[9;68H\u001b(0\u001b[0mx\u001b(B\u001b(B\u001b[m\u001b[10;13H\u001b(0\u001b[0mx\u001b(B\u001b[0m 4f:9c:92:92:37:01:79:46:48:61:52:e3:12:fe:df:ea\u001b[68G\u001b(0\u001b[0mx\u001b(B\u001b(B\u001b[m\u001b[11;13H\u001b(0\u001b[0mx\u001b(B\u001b[0m (/home/ewan/.ssh/xanadu)\u001b[11;68H\u001b(0\u001b[0mx\u001b(B\u001b(B\u001b[m\u001b[12;13H\u001b(0\u001b[0mx\u001b(B\u001b(B\u001b[m\u001b[12;68H\u001b(0\u001b[0mx\u001b(B\u001b(B\u001b[m\u001b[13;13H\u001b(0\u001b[0mx\u001b(B\u001b[0m Passphrase: ________________________________________ \u001b(0\u001b[0mx\u001b(B\u001b(B\u001b[m\u001b[14;13H\u001b(0\u001b[0mx\u001b(B\u001b(B\u001b[m\u001b[14;68H\u001b(0\u001b[0mx\u001b(B\u001b(B\u001b[m\u001b[15;13H\u001b(0\u001b[0mx\u001b(B\u001b(B\u001b[m\u001b[21G\u001b(0\u001b[0m\u001b(B\u001b[0m<OK>\u001b[15;55H<Cancel>     \u001b(0\u001b[0mx\u001b(B\u001b(B\u001b[m\u001b[16;13H\u001b(0\u001b[0mmqqqqqqqqqqqqqqqqqqqqqqqqqqqqqqqqqqqqqqqqqqqqqqqqqqqqqqj\u001b(B\u001b(B\u001b[m\u001b[13;27H\u001b(0\u001b[0m\u001b(B\u001b(B\u001b[m"
    ],
    [
      1.748545,
      "*\u001b(B\u001b[m"
    ],
    [
      0.18383,
      "*\u001b(B\u001b[m"
    ],
    [
      0.264186,
      "*\u001b(B\u001b[m"
    ],
    [
      1.624206,
      "*\u001b(B\u001b[m"
    ],
    [
      0.175922,
      "*\u001b(B\u001b[m"
    ],
    [
      0.120094,
      "*\u001b(B\u001b[m"
    ],
    [
      0.327739,
      "*\u001b(B\u001b[m"
    ],
    [
      0.183948,
      "*\u001b(B\u001b[m"
    ],
    [
      0.208118,
      "*\u001b(B\u001b[m"
    ],
    [
      0.127997,
      "*\u001b(B\u001b[m"
    ],
    [
      0.208025,
      "*\u001b(B\u001b[m"
    ],
    [
      0.087867,
      "*\u001b(B\u001b[m"
    ],
    [
      0.176087,
      "*\u001b(B\u001b[m"
    ],
    [
      0.591806,
      "\u001b[24;1H\u001b[?1049l\r\u001b[?1l\u001b>"
    ],
    [
      0.17791,
